n;rounds;multicasts;min_time;max_time;avg_time
2;7;2;0.004484;0.134886;0.094320
6;9;5;0.003113;0.118361;0.093902
