n;rounds;multicasts;min_time;max_time;avg_time
2;20;3;0.001155;0.110601;0.093135
6;71;5;0.000912;0.113477;0.094440
10;104;7;0.001445;0.110622;0.093049
14;118;8;0.001068;0.111379;0.091139
18;229;18;0.001073;0.122588;0.095496
