n,rounds,multicasts,min_time,max_time,avg_time
2,9,3,-0.1156001091003418,0.3315262794494629,0.09914912117852105
