n,rounds,multicasts,min_time,max_time,avg_time
2,18,5,-0.21906566619873047,0.33945488929748535,0.1028343571556939
