n,rounds,multicasts,min_time,max_time,avg_time
2,13,1,0,0.5928552150726318,0.2539417010087233
